"dialog_message_id` bigint NOT NULL","dialog_thread_id` bigint","channel_id` bigint","from_actor_id` bigint","to_actor_id` bigint","message_text` varchar(1000) NOT NULL","message_type` varchar(64) NOT NULL DEFAULT 'text'","metadata_json` json","mood_vector` char(6)","mood_framework` varchar(32) NOT NULL DEFAULT 'western_analytical'","created_ymdhis` bigint NOT NULL DEFAULT 0","updated_ymdhis` bigint NOT NULL","is_deleted` tinyint NOT NULL DEFAULT 0","deleted_ymdhis` bigint","message_body` mediumtext"
"dialog_message_id` bigint NOT NULL:BIGINT|NOT_NULL","dialog_thread_id` bigint:BIGINT|NULL","channel_id` bigint:BIGINT|NULL","from_actor_id` bigint:BIGINT|NULL","to_actor_id` bigint:BIGINT|NULL","message_text` varchar(1000) NOT NULL:VARCHAR(1000)|NOT_NULL","message_type` varchar(64) NOT NULL DEFAULT 'text':VARCHAR(64)|NOT_NULL|DEFAULT:'text'","metadata_json` json:JSON|NULL","mood_vector` char(6):UNKNOWN|NULL","mood_framework` varchar(32) NOT NULL DEFAULT 'western_analytical':VARCHAR(32)|NOT_NULL|DEFAULT:'western_analytical'","created_ymdhis` bigint NOT NULL DEFAULT 0:BIGINT|NOT_NULL|DEFAULT:0","updated_ymdhis` bigint NOT NULL:BIGINT|NOT_NULL","is_deleted` tinyint NOT NULL DEFAULT 0:INT|NOT_NULL|DEFAULT:0","deleted_ymdhis` bigint:BIGINT|NULL","message_body` mediumtext:TEXT|NULL"
1,1,1,1,1,"Imported transcript #1",text,,,western_analytical,20251110175141,20251110175157,0,," <b>fdsa : </b> <b>Question</b><br>fdsa <br> <b>captain : </b> How may I help You? <br> <b>captain : </b> fdsa fdsa fdsa fds afds afdsa fds afdsa fd <br>"
2,2,1,1,1,"Imported transcript #2",text,,,western_analytical,20251110181804,20251110184120,0,," <b>captain : </b> How may I help You? <br> <b>captain : </b> fdsaf fds afd f f f sfdsa fds afds fdsa <br> <b>fdsa : </b> fdsafd <br>"
3,3,1,1,1,"Imported transcript #3",text,,,western_analytical,20251110191304,20251110191335,0,," <b>fdsaf : </b> <b>Question</b><br>fdsaf <br> <b>captain : </b> How may I help You? <br> <b>captain : </b> fdsa fds fds afds fdsa fdsa fdsa fdsa  <br> <b>fdsaf : </b> this is my life story  <br>"
4,4,1,1,1,"Imported transcript #4",text,,,western_analytical,20251110215343,20251110215356,0,," <b>GHUJG : </b> <b>Question</b><br>HJGBHJ <br> <b>captain : </b> How may I help You? <br> <b>captain : </b> HJUHJ <br>"
5,5,1,1,1,"Imported transcript #5",text,,,western_analytical,20251110215612,20251110225953,0,," <b>captain : </b> How may I help You? <br> <b>captain : </b> BHJH HJKH HJHH HJH HJH HHHJH HJJH HJK <br> <b>GHUJG : </b> HJHJHJK HGJHKH HGJH HHJK HJKH HJH HJHJ HHHKJH HJKH HJK <br> <b>captain : </b> How may I help You? <br>"
6,6,1,1,1,"Imported transcript #6",text,,,western_analytical,20251111151223,20251111152132,0,," <b>captain : </b> How may I help You? <br> <b>GHUJG : </b> i am going to write my life story here  <br> <b>GHUJG : </b> gfdsg gfds gfdsg gf dsg fds gfds gfds gfds gfds gfds gfds gfds gfds g <br> <b>captain : </b>  gfds gfds gfd sgfds gfd sgfds gfds gfds <br>"
7,7,1,1,1,"Imported transcript #7",text,,,western_analytical,20251228004357,20251228004412,0,," <b>bob : </b> <b>Question</b><br>fgds <br> <b>captain : </b> How may I help You? <br> <b>captain : </b> fdsaZF <br>"
1000,1,420,10000,,"Channel 420 initialized - Stoned Wolfie Archive ready for canon messages.",system,"{""channel_init"": true, ""channel_type"": ""archive"", ""special_channel"": true}",FF6B35,western_analytical,20260221080000,20260221080000,0,,
