"entity_type` varchar(64) NOT NULL","entity_index` int NOT NULL","federation_node_id` bigint NOT NULL DEFAULT 1","created_utc` bigint NOT NULL","metadata_json` json"
"entity_type` varchar(64) NOT NULL:VARCHAR(64)|NOT_NULL","entity_index` int NOT NULL:INT|NOT_NULL","federation_node_id` bigint NOT NULL DEFAULT 1:BIGINT|NOT_NULL|DEFAULT:1","created_utc` bigint NOT NULL:BIGINT|NOT_NULL","metadata_json` json:JSON|NULL"
actor,1,1,20260220133939,
actor,2,1,20260220133939,
actor,3,1,20260220133939,
actor,4,1,20260220133939,
actor,5,1,20260220133939,
actor,6,1,20260220133939,
actor,7,1,20260220133939,
actor,8,1,20260220133939,
actor,9,1,20260220133939,
actor,10,1,20260220133939,
actor,11,1,20260220133939,
actor,12,1,20260220133939,
actor,13,1,20260220133939,
actor,14,1,20260220133939,
actor,15,1,20260220133939,
actor,16,1,20260220133939,
actor,17,1,20260220133939,
actor,18,1,20260220133939,
actor,19,1,20260220133939,
actor,20,1,20260220133939,
actor,21,1,20260220133939,
actor,22,1,20260220133939,
actor,23,1,20260220133939,
actor,24,1,20260220133939,
actor,25,1,20260220133939,
actor,26,1,20260220133939,
actor,27,1,20260220133939,
actor,28,1,20260220133939,
actor,29,1,20260220133939,
actor,30,1,20260220133939,
actor,31,1,20260220133939,
actor,32,1,20260220133939,
actor,33,1,20260220133939,
actor,34,1,20260220133939,
actor,35,1,20260220133939,
actor,36,1,20260220133939,
actor,37,1,20260220133939,
actor,38,1,20260220133939,
actor,39,1,20260220133939,
actor,40,1,20260220133939,
actor,41,1,20260220133939,
actor,42,1,20260220133939,
actor,43,1,20260220133939,
actor,44,1,20260220133939,
actor,45,1,20260220133939,
actor,46,1,20260220133939,
actor,47,1,20260220133939,
actor,48,1,20260220133939,
actor,49,1,20260220133939,
actor,50,1,20260220133939,
actor,51,1,20260220133939,
actor,52,1,20260220133939,
actor,53,1,20260220133939,
actor,54,1,20260220133939,
actor,55,1,20260220133939,
actor,56,1,20260220133939,
actor,57,1,20260220133939,
actor,58,1,20260220133939,
actor,59,1,20260220133939,
actor,60,1,20260220133939,
actor,61,1,20260220133939,
actor,62,1,20260220133939,
actor,63,1,20260220133939,
actor,64,1,20260220133939,
actor,65,1,20260220133939,
actor,66,1,20260220133939,
actor,67,1,20260220133939,
actor,68,1,20260220133939,
actor,69,1,20260220133939,
actor,70,1,20260220133939,
actor,71,1,20260220133939,
actor,72,1,20260220133939,
actor,73,1,20260220133939,
actor,74,1,20260220133939,
actor,75,1,20260220133939,
actor,76,1,20260220133939,
actor,77,1,20260220133939,
actor,78,1,20260220133939,
actor,79,1,20260220133939,
actor,80,1,20260220133939,
actor,81,1,20260220133939,
actor,82,1,20260220133939,
actor,83,1,20260220133939,
actor,84,1,20260220133939,
actor,85,1,20260220133939,
actor,86,1,20260220133939,
actor,87,1,20260220133939,
actor,88,1,20260220133939,
actor,89,1,20260220133939,
actor,90,1,20260220133939,
actor,91,1,20260220133939,
actor,92,1,20260220133939,
actor,93,1,20260220133939,
actor,94,1,20260220133939,
actor,95,1,20260220133939,
actor,96,1,20260220133939,
actor,97,1,20260220133939,
actor,98,1,20260220133939,
actor,99,1,20260220133939,
actor,100,1,20260220133939,
actor,101,1,20260220133939,
actor,102,1,20260220133939,
actor,103,1,20260220133939,
actor,104,1,20260220133939,
actor,105,1,20260220133939,
actor,106,1,20260220133939,
actor,107,1,20260220133939,
actor,108,1,20260220133939,
actor,109,1,20260220133939,
actor,110,1,20260220133939,
actor,111,1,20260220133939,
actor,112,1,20260220133939,
actor,113,1,20260220133939,
actor,114,1,20260220133939,
actor,115,1,20260220133939,
actor,116,1,20260220133939,
actor,117,1,20260220133939,
actor,118,1,20260220133939,
actor,119,1,20260220133939,
actor,120,1,20260220133939,
actor,121,1,20260220133939,
actor,122,1,20260220133939,
actor,123,1,20260220133939,
actor,124,1,20260220133939,
actor,125,1,20260220133939,
actor,126,1,20260220133939,
actor,127,1,20260220133939,
actor,128,1,20260220133939,
actor,129,1,20260220133939,
actor,130,1,20260220133939,
actor,131,1,20260220133939,
actor,132,1,20260220133939,
actor,133,1,20260220133939,
actor,134,1,20260220133939,
actor,135,1,20260220133939,
actor,136,1,20260220133939,
actor,137,1,20260220133939,
actor,138,1,20260220133939,
actor,139,1,20260220133939,
actor,140,1,20260220133939,
actor,141,1,20260220133939,
actor,142,1,20260220133939,
actor,143,1,20260220133939,
actor,144,1,20260220133939,
actor,145,1,20260220133939,
actor,146,1,20260220133939,
actor,147,1,20260220133939,
actor,148,1,20260220133939,
actor,149,1,20260220133939,
actor,150,1,20260220133939,
actor,151,1,20260220133939,
actor,152,1,20260220133939,
actor,153,1,20260220133939,
actor,154,1,20260220133939,
actor,155,1,20260220133939,
actor,156,1,20260220133939,
actor,157,1,20260220133939,
actor,158,1,20260220133939,
actor,159,1,20260220133939,
actor,160,1,20260220133939,
actor,161,1,20260220133939,
actor,162,1,20260220133939,
actor,163,1,20260220133939,
actor,164,1,20260220133939,
actor,165,1,20260220133939,
actor,166,1,20260220133939,
actor,167,1,20260220133939,
actor,168,1,20260220133939,
actor,169,1,20260220133939,
actor,170,1,20260220133939,
actor,171,1,20260220133939,
actor,172,1,20260220133939,
actor,173,1,20260220133939,
actor,174,1,20260220133939,
actor,175,1,20260220133939,
actor,176,1,20260220133939,
actor,177,1,20260220133939,
actor,178,1,20260220133939,
actor,179,1,20260220133939,
actor,180,1,20260220133939,
actor,181,1,20260220133939,
actor,182,1,20260220133939,
actor,183,1,20260220133939,
actor,184,1,20260220133939,
actor,185,1,20260220133939,
actor,186,1,20260220133939,
actor,187,1,20260220133939,
actor,188,1,20260220133939,
actor,189,1,20260220133939,
actor,190,1,20260220133939,
actor,191,1,20260220133939,
actor,192,1,20260220133939,
actor,193,1,20260220133939,
actor,194,1,20260220133939,
actor,195,1,20260220133939,
actor,196,1,20260220133939,
actor,197,1,20260220133939,
actor,198,1,20260220133939,
actor,199,1,20260220133939,
actor,200,1,20260220133939,
actor,201,1,20260220133939,
actor,202,1,20260220133939,
actor,203,1,20260220133939,
actor,204,1,20260220133939,
actor,205,1,20260220133939,
actor,206,1,20260220133939,
actor,207,1,20260220133939,
actor,208,1,20260220133939,
actor,209,1,20260220133939,
actor,210,1,20260220133939,
actor,211,1,20260220133939,
actor,212,1,20260220133939,
actor,213,1,20260220133939,
actor,214,1,20260220133939,
actor,215,1,20260220133939,
actor,216,1,20260220133939,
actor,217,1,20260220133939,
actor,218,1,20260220133939,
actor,219,1,20260220133939,
actor,220,1,20260220133939,
actor,221,1,20260220133939,
actor,222,1,20260220133939,
actor,223,1,20260220133939,
actor,224,1,20260220133939,
actor,225,1,20260220133939,
actor,226,1,20260220133939,
actor,227,1,20260220133939,
actor,228,1,20260220133939,
actor,229,1,20260220133939,
actor,230,1,20260220133939,
actor,231,1,20260220133939,
actor,232,1,20260220133939,
actor,233,1,20260220133939,
actor,234,1,20260220133939,
actor,235,1,20260220133939,
actor,236,1,20260220133939,
actor,237,1,20260220133939,
actor,238,1,20260220133939,
actor,239,1,20260220133939,
actor,240,1,20260220133939,
actor,241,1,20260220133939,
actor,242,1,20260220133939,
actor,243,1,20260220133939,
actor,244,1,20260220133939,
actor,245,1,20260220133939,
actor,246,1,20260220133939,
actor,247,1,20260220133939,
actor,248,1,20260220133939,
actor,249,1,20260220133939,
actor,250,1,20260220133939,
actor,251,1,20260220133939,
actor,252,1,20260220133939,
actor,253,1,20260220133939,
actor,254,1,20260220133939,
actor,255,1,20260220133939,
actor,256,1,20260220133939,
actor,257,1,20260220133939,
actor,258,1,20260220133939,
actor,259,1,20260220133939,
actor,260,1,20260220133939,
actor,261,1,20260220133939,
actor,262,1,20260220133939,
actor,263,1,20260220133939,
actor,264,1,20260220133939,
actor,265,1,20260220133939,
actor,266,1,20260220133939,
actor,267,1,20260220133939,
actor,268,1,20260220133939,
actor,269,1,20260220133939,
actor,270,1,20260220133939,
actor,271,1,20260220133939,
actor,272,1,20260220133939,
actor,273,1,20260220133939,
actor,274,1,20260220133939,
actor,275,1,20260220133939,
actor,276,1,20260220133939,
actor,277,1,20260220133939,
actor,278,1,20260220133939,
actor,279,1,20260220133939,
actor,280,1,20260220133939,
actor,281,1,20260220133939,
actor,282,1,20260220133939,
actor,283,1,20260220133939,
actor,284,1,20260220133939,
actor,285,1,20260220133939,
actor,286,1,20260220133939,
actor,287,1,20260220133939,
actor,288,1,20260220133939,
actor,289,1,20260220133939,
actor,290,1,20260220133939,
actor,291,1,20260220133939,
actor,292,1,20260220133939,
actor,293,1,20260220133939,
actor,294,1,20260220133939,
actor,295,1,20260220133939,
actor,296,1,20260220133939,
actor,297,1,20260220133939,
actor,298,1,20260220133939,
actor,299,1,20260220133939,
actor,300,1,20260220133939,
actor,301,1,20260220133939,
actor,302,1,20260220133939,
actor,303,1,20260220133939,
actor,304,1,20260220133939,
actor,305,1,20260220133939,
actor,306,1,20260220133939,
actor,307,1,20260220133939,
actor,308,1,20260220133939,
actor,309,1,20260220133939,
actor,310,1,20260220133939,
actor,311,1,20260220133939,
actor,312,1,20260220133939,
actor,313,1,20260220133939,
actor,314,1,20260220133939,
actor,315,1,20260220133939,
actor,316,1,20260220133939,
actor,317,1,20260220133939,
actor,318,1,20260220133939,
actor,319,1,20260220133939,
actor,320,1,20260220133939,
actor,321,1,20260220133939,
actor,322,1,20260220133939,
actor,323,1,20260220133939,
actor,324,1,20260220133939,
actor,325,1,20260220133939,
actor,326,1,20260220133939,
actor,327,1,20260220133939,
actor,328,1,20260220133939,
actor,329,1,20260220133939,
actor,330,1,20260220133939,
actor,331,1,20260220133939,
actor,332,1,20260220133939,
actor,333,1,20260220133939,
actor,334,1,20260220133939,
actor,335,1,20260220133939,
actor,336,1,20260220133939,
actor,337,1,20260220133939,
actor,338,1,20260220133939,
actor,339,1,20260220133939,
actor,340,1,20260220133939,
actor,341,1,20260220133939,
actor,342,1,20260220133939,
actor,343,1,20260220133939,
actor,344,1,20260220133939,
actor,345,1,20260220133939,
actor,346,1,20260220133939,
actor,347,1,20260220133939,
actor,348,1,20260220133939,
actor,349,1,20260220133939,
actor,350,1,20260220133939,
actor,351,1,20260220133939,
actor,352,1,20260220133939,
actor,353,1,20260220133939,
actor,354,1,20260220133939,
actor,355,1,20260220133939,
actor,356,1,20260220133939,
actor,357,1,20260220133939,
actor,358,1,20260220133939,
actor,359,1,20260220133939,
actor,360,1,20260220133939,
actor,361,1,20260220133939,
actor,362,1,20260220133939,
actor,363,1,20260220133939,
actor,364,1,20260220133939,
actor,365,1,20260220133939,
actor,366,1,20260220133939,
actor,367,1,20260220133939,
actor,368,1,20260220133939,
actor,369,1,20260220133939,
actor,370,1,20260220133939,
actor,371,1,20260220133939,
actor,372,1,20260220133939,
actor,373,1,20260220133939,
actor,374,1,20260220133939,
actor,375,1,20260220133939,
actor,376,1,20260220133939,
actor,377,1,20260220133939,
actor,378,1,20260220133939,
actor,379,1,20260220133939,
actor,380,1,20260220133939,
actor,381,1,20260220133939,
actor,382,1,20260220133939,
actor,383,1,20260220133939,
actor,384,1,20260220133939,
actor,385,1,20260220133939,
actor,386,1,20260220133939,
actor,387,1,20260220133939,
actor,388,1,20260220133939,
actor,389,1,20260220133939,
actor,390,1,20260220133939,
actor,391,1,20260220133939,
actor,392,1,20260220133939,
actor,393,1,20260220133939,
actor,394,1,20260220133939,
actor,395,1,20260220133939,
actor,396,1,20260220133939,
actor,397,1,20260220133939,
actor,398,1,20260220133939,
actor,399,1,20260220133939,
actor,400,1,20260220133939,
actor,401,1,20260220133939,
actor,402,1,20260220133939,
actor,403,1,20260220133939,
actor,404,1,20260220133939,
actor,405,1,20260220133939,
actor,406,1,20260220133939,
actor,407,1,20260220133939,
actor,408,1,20260220133939,
actor,409,1,20260220133939,
actor,410,1,20260220133939,
actor,411,1,20260220133939,
actor,412,1,20260220133939,
actor,413,1,20260220133939,
actor,414,1,20260220133939,
actor,415,1,20260220133939,
actor,416,1,20260220133939,
actor,417,1,20260220133939,
actor,418,1,20260220133939,
actor,419,1,20260220133939,
actor,421,1,20260220133939,
actor,422,1,20260220133939,
actor,423,1,20260220133939,
actor,424,1,20260220133939,
actor,425,1,20260220133939,
actor,426,1,20260220133939,
actor,427,1,20260220133939,
actor,428,1,20260220133939,
actor,429,1,20260220133939,
actor,430,1,20260220133939,
actor,431,1,20260220133939,
actor,432,1,20260220133939,
actor,433,1,20260220133939,
actor,434,1,20260220133939,
actor,435,1,20260220133939,
actor,436,1,20260220133939,
actor,437,1,20260220133939,
actor,438,1,20260220133939,
actor,439,1,20260220133939,
actor,440,1,20260220133939,
actor,441,1,20260220133939,
actor,442,1,20260220133939,
actor,443,1,20260220133939,
actor,444,1,20260220133939,
actor,445,1,20260220133939,
actor,446,1,20260220133939,
actor,447,1,20260220133939,
actor,448,1,20260220133939,
actor,449,1,20260220133939,
actor,450,1,20260220133939,
actor,451,1,20260220133939,
actor,452,1,20260220133939,
actor,453,1,20260220133939,
actor,454,1,20260220133939,
actor,455,1,20260220133939,
actor,456,1,20260220133939,
actor,457,1,20260220133939,
actor,458,1,20260220133939,
actor,459,1,20260220133939,
actor,460,1,20260220133939,
actor,461,1,20260220133939,
actor,462,1,20260220133939,
actor,463,1,20260220133939,
actor,464,1,20260220133939,
actor,465,1,20260220133939,
actor,466,1,20260220133939,
actor,467,1,20260220133939,
actor,468,1,20260220133939,
actor,469,1,20260220133939,
actor,470,1,20260220133939,
actor,471,1,20260220133939,
actor,472,1,20260220133939,
actor,473,1,20260220133939,
actor,474,1,20260220133939,
actor,475,1,20260220133939,
actor,476,1,20260220133939,
actor,477,1,20260220133939,
actor,478,1,20260220133939,
actor,479,1,20260220133939,
actor,480,1,20260220133939,
actor,481,1,20260220133939,
actor,482,1,20260220133939,
actor,483,1,20260220133939,
actor,484,1,20260220133939,
actor,485,1,20260220133939,
actor,486,1,20260220133939,
actor,487,1,20260220133939,
actor,488,1,20260220133939,
actor,489,1,20260220133939,
actor,490,1,20260220133939,
actor,491,1,20260220133939,
actor,492,1,20260220133939,
actor,493,1,20260220133939,
actor,494,1,20260220133939,
actor,495,1,20260220133939,
actor,496,1,20260220133939,
actor,497,1,20260220133939,
actor,498,1,20260220133939,
actor,499,1,20260220133939,
actor,500,1,20260220133939,
channel,2,1,20260220133939,
channel,3,1,20260220133939,
channel,4,1,20260220133939,
channel,5,1,20260220133939,
channel,6,1,20260220133939,
channel,7,1,20260220133939,
channel,8,1,20260220133939,
channel,9,1,20260220133939,
channel,10,1,20260220133939,
channel,11,1,20260220133939,
channel,12,1,20260220133939,
channel,13,1,20260220133939,
channel,14,1,20260220133939,
channel,15,1,20260220133939,
channel,16,1,20260220133939,
channel,17,1,20260220133939,
channel,18,1,20260220133939,
channel,19,1,20260220133939,
channel,20,1,20260220133939,
channel,21,1,20260220133939,
channel,22,1,20260220133939,
channel,23,1,20260220133939,
channel,24,1,20260220133939,
channel,25,1,20260220133939,
channel,26,1,20260220133939,
channel,27,1,20260220133939,
channel,28,1,20260220133939,
channel,29,1,20260220133939,
channel,30,1,20260220133939,
channel,31,1,20260220133939,
channel,32,1,20260220133939,
channel,33,1,20260220133939,
channel,34,1,20260220133939,
channel,35,1,20260220133939,
channel,36,1,20260220133939,
channel,37,1,20260220133939,
channel,38,1,20260220133939,
channel,39,1,20260220133939,
channel,40,1,20260220133939,
channel,41,1,20260220133939,
channel,43,1,20260220133939,
channel,44,1,20260220133939,
channel,45,1,20260220133939,
channel,46,1,20260220133939,
channel,47,1,20260220133939,
channel,48,1,20260220133939,
channel,49,1,20260220133939,
channel,50,1,20260220133939,
channel,52,1,20260220133939,
channel,53,1,20260220133939,
channel,54,1,20260220133939,
channel,55,1,20260220133939,
channel,56,1,20260220133939,
channel,57,1,20260220133939,
channel,58,1,20260220133939,
channel,59,1,20260220133939,
channel,60,1,20260220133939,
channel,61,1,20260220133939,
channel,62,1,20260220133939,
channel,63,1,20260220133939,
channel,64,1,20260220133939,
channel,65,1,20260220133939,
channel,66,1,20260220133939,
channel,67,1,20260220133939,
channel,68,1,20260220133939,
channel,69,1,20260220133939,
channel,70,1,20260220133939,
channel,71,1,20260220133939,
channel,72,1,20260220133939,
channel,73,1,20260220133939,
channel,74,1,20260220133939,
channel,75,1,20260220133939,
channel,76,1,20260220133939,
channel,77,1,20260220133939,
channel,78,1,20260220133939,
channel,79,1,20260220133939,
channel,80,1,20260220133939,
channel,81,1,20260220133939,
channel,82,1,20260220133939,
channel,83,1,20260220133939,
channel,84,1,20260220133939,
channel,85,1,20260220133939,
channel,86,1,20260220133939,
channel,87,1,20260220133939,
channel,88,1,20260220133939,
channel,89,1,20260220133939,
channel,90,1,20260220133939,
channel,91,1,20260220133939,
channel,92,1,20260220133939,
channel,93,1,20260220133939,
channel,94,1,20260220133939,
channel,95,1,20260220133939,
channel,96,1,20260220133939,
channel,97,1,20260220133939,
channel,98,1,20260220133939,
channel,99,1,20260220133939,
channel,100,1,20260220133939,
channel,101,1,20260220133939,
channel,102,1,20260220133939,
channel,103,1,20260220133939,
channel,104,1,20260220133939,
channel,105,1,20260220133939,
channel,106,1,20260220133939,
channel,107,1,20260220133939,
channel,108,1,20260220133939,
channel,109,1,20260220133939,
channel,110,1,20260220133939,
channel,111,1,20260220133939,
channel,112,1,20260220133939,
channel,113,1,20260220133939,
channel,114,1,20260220133939,
channel,115,1,20260220133939,
channel,116,1,20260220133939,
channel,117,1,20260220133939,
channel,118,1,20260220133939,
channel,119,1,20260220133939,
channel,120,1,20260220133939,
channel,121,1,20260220133939,
channel,122,1,20260220133939,
channel,123,1,20260220133939,
channel,124,1,20260220133939,
channel,125,1,20260220133939,
channel,126,1,20260220133939,
channel,127,1,20260220133939,
channel,128,1,20260220133939,
channel,129,1,20260220133939,
channel,130,1,20260220133939,
channel,131,1,20260220133939,
channel,132,1,20260220133939,
channel,133,1,20260220133939,
channel,134,1,20260220133939,
channel,135,1,20260220133939,
channel,136,1,20260220133939,
channel,137,1,20260220133939,
channel,138,1,20260220133939,
channel,139,1,20260220133939,
channel,140,1,20260220133939,
channel,141,1,20260220133939,
channel,142,1,20260220133939,
channel,143,1,20260220133939,
channel,144,1,20260220133939,
channel,145,1,20260220133939,
channel,146,1,20260220133939,
channel,147,1,20260220133939,
channel,148,1,20260220133939,
channel,149,1,20260220133939,
channel,150,1,20260220133939,
channel,151,1,20260220133939,
channel,152,1,20260220133939,
channel,153,1,20260220133939,
channel,154,1,20260220133939,
channel,155,1,20260220133939,
channel,156,1,20260220133939,
channel,157,1,20260220133939,
channel,158,1,20260220133939,
channel,159,1,20260220133939,
channel,160,1,20260220133939,
channel,161,1,20260220133939,
channel,162,1,20260220133939,
channel,163,1,20260220133939,
channel,164,1,20260220133939,
channel,165,1,20260220133939,
channel,166,1,20260220133939,
channel,167,1,20260220133939,
channel,168,1,20260220133939,
channel,169,1,20260220133939,
channel,170,1,20260220133939,
channel,171,1,20260220133939,
channel,172,1,20260220133939,
channel,173,1,20260220133939,
channel,174,1,20260220133939,
channel,175,1,20260220133939,
channel,176,1,20260220133939,
channel,177,1,20260220133939,
channel,178,1,20260220133939,
channel,179,1,20260220133939,
channel,180,1,20260220133939,
channel,181,1,20260220133939,
channel,182,1,20260220133939,
channel,183,1,20260220133939,
channel,184,1,20260220133939,
channel,185,1,20260220133939,
channel,186,1,20260220133939,
channel,187,1,20260220133939,
channel,188,1,20260220133939,
channel,189,1,20260220133939,
channel,190,1,20260220133939,
channel,191,1,20260220133939,
channel,192,1,20260220133939,
channel,193,1,20260220133939,
channel,194,1,20260220133939,
channel,195,1,20260220133939,
channel,196,1,20260220133939,
channel,197,1,20260220133939,
channel,198,1,20260220133939,
channel,199,1,20260220133939,
channel,200,1,20260220133939,
channel,201,1,20260220133939,
channel,202,1,20260220133939,
channel,203,1,20260220133939,
channel,204,1,20260220133939,
channel,205,1,20260220133939,
channel,206,1,20260220133939,
channel,207,1,20260220133939,
channel,208,1,20260220133939,
channel,209,1,20260220133939,
channel,210,1,20260220133939,
channel,211,1,20260220133939,
channel,212,1,20260220133939,
channel,213,1,20260220133939,
channel,214,1,20260220133939,
channel,215,1,20260220133939,
channel,216,1,20260220133939,
channel,217,1,20260220133939,
channel,218,1,20260220133939,
channel,219,1,20260220133939,
channel,220,1,20260220133939,
channel,221,1,20260220133939,
channel,222,1,20260220133939,
channel,223,1,20260220133939,
channel,224,1,20260220133939,
channel,225,1,20260220133939,
channel,226,1,20260220133939,
channel,227,1,20260220133939,
channel,228,1,20260220133939,
channel,229,1,20260220133939,
channel,230,1,20260220133939,
channel,231,1,20260220133939,
channel,232,1,20260220133939,
channel,233,1,20260220133939,
channel,234,1,20260220133939,
channel,235,1,20260220133939,
channel,236,1,20260220133939,
channel,237,1,20260220133939,
channel,238,1,20260220133939,
channel,239,1,20260220133939,
channel,240,1,20260220133939,
channel,241,1,20260220133939,
channel,242,1,20260220133939,
channel,243,1,20260220133939,
channel,244,1,20260220133939,
channel,245,1,20260220133939,
channel,246,1,20260220133939,
channel,247,1,20260220133939,
channel,248,1,20260220133939,
channel,249,1,20260220133939,
channel,250,1,20260220133939,
channel,251,1,20260220133939,
channel,252,1,20260220133939,
channel,253,1,20260220133939,
channel,254,1,20260220133939,
channel,255,1,20260220133939,
channel,256,1,20260220133939,
channel,257,1,20260220133939,
channel,258,1,20260220133939,
channel,259,1,20260220133939,
channel,260,1,20260220133939,
channel,261,1,20260220133939,
channel,262,1,20260220133939,
channel,263,1,20260220133939,
channel,264,1,20260220133939,
channel,265,1,20260220133939,
channel,266,1,20260220133939,
channel,267,1,20260220133939,
channel,268,1,20260220133939,
channel,269,1,20260220133939,
channel,270,1,20260220133939,
channel,271,1,20260220133939,
channel,272,1,20260220133939,
channel,273,1,20260220133939,
channel,274,1,20260220133939,
channel,275,1,20260220133939,
channel,276,1,20260220133939,
channel,277,1,20260220133939,
channel,278,1,20260220133939,
channel,279,1,20260220133939,
channel,280,1,20260220133939,
channel,281,1,20260220133939,
channel,282,1,20260220133939,
channel,283,1,20260220133939,
channel,284,1,20260220133939,
channel,285,1,20260220133939,
channel,286,1,20260220133939,
channel,287,1,20260220133939,
channel,288,1,20260220133939,
channel,289,1,20260220133939,
channel,290,1,20260220133939,
channel,291,1,20260220133939,
channel,292,1,20260220133939,
channel,293,1,20260220133939,
channel,294,1,20260220133939,
channel,295,1,20260220133939,
channel,296,1,20260220133939,
channel,297,1,20260220133939,
channel,298,1,20260220133939,
channel,299,1,20260220133939,
channel,300,1,20260220133939,
channel,301,1,20260220133939,
channel,302,1,20260220133939,
channel,303,1,20260220133939,
channel,304,1,20260220133939,
channel,305,1,20260220133939,
channel,306,1,20260220133939,
channel,307,1,20260220133939,
channel,308,1,20260220133939,
channel,309,1,20260220133939,
channel,310,1,20260220133939,
channel,311,1,20260220133939,
channel,312,1,20260220133939,
channel,313,1,20260220133939,
channel,314,1,20260220133939,
channel,315,1,20260220133939,
channel,316,1,20260220133939,
channel,317,1,20260220133939,
channel,318,1,20260220133939,
channel,319,1,20260220133939,
channel,320,1,20260220133939,
channel,321,1,20260220133939,
channel,322,1,20260220133939,
channel,323,1,20260220133939,
channel,324,1,20260220133939,
channel,325,1,20260220133939,
channel,326,1,20260220133939,
channel,327,1,20260220133939,
channel,328,1,20260220133939,
channel,329,1,20260220133939,
channel,330,1,20260220133939,
channel,331,1,20260220133939,
channel,332,1,20260220133939,
channel,333,1,20260220133939,
channel,334,1,20260220133939,
channel,335,1,20260220133939,
channel,336,1,20260220133939,
channel,337,1,20260220133939,
channel,338,1,20260220133939,
channel,339,1,20260220133939,
channel,340,1,20260220133939,
channel,341,1,20260220133939,
channel,342,1,20260220133939,
channel,343,1,20260220133939,
channel,344,1,20260220133939,
channel,345,1,20260220133939,
channel,346,1,20260220133939,
channel,347,1,20260220133939,
channel,348,1,20260220133939,
channel,349,1,20260220133939,
channel,350,1,20260220133939,
channel,351,1,20260220133939,
channel,352,1,20260220133939,
channel,353,1,20260220133939,
channel,354,1,20260220133939,
channel,355,1,20260220133939,
channel,356,1,20260220133939,
channel,357,1,20260220133939,
channel,358,1,20260220133939,
channel,359,1,20260220133939,
channel,360,1,20260220133939,
channel,361,1,20260220133939,
channel,362,1,20260220133939,
channel,363,1,20260220133939,
channel,364,1,20260220133939,
channel,365,1,20260220133939,
channel,366,1,20260220133939,
channel,367,1,20260220133939,
channel,368,1,20260220133939,
channel,369,1,20260220133939,
channel,370,1,20260220133939,
channel,371,1,20260220133939,
channel,372,1,20260220133939,
channel,373,1,20260220133939,
channel,374,1,20260220133939,
channel,375,1,20260220133939,
channel,376,1,20260220133939,
channel,377,1,20260220133939,
channel,378,1,20260220133939,
channel,379,1,20260220133939,
channel,380,1,20260220133939,
channel,381,1,20260220133939,
channel,382,1,20260220133939,
channel,383,1,20260220133939,
channel,384,1,20260220133939,
channel,385,1,20260220133939,
channel,386,1,20260220133939,
channel,387,1,20260220133939,
channel,388,1,20260220133939,
channel,389,1,20260220133939,
channel,390,1,20260220133939,
channel,391,1,20260220133939,
channel,392,1,20260220133939,
channel,393,1,20260220133939,
channel,394,1,20260220133939,
channel,395,1,20260220133939,
channel,396,1,20260220133939,
channel,397,1,20260220133939,
channel,398,1,20260220133939,
channel,399,1,20260220133939,
channel,400,1,20260220133939,
channel,401,1,20260220133939,
channel,402,1,20260220133939,
channel,403,1,20260220133939,
channel,404,1,20260220133939,
channel,405,1,20260220133939,
channel,406,1,20260220133939,
channel,407,1,20260220133939,
channel,408,1,20260220133939,
channel,409,1,20260220133939,
channel,410,1,20260220133939,
channel,411,1,20260220133939,
channel,412,1,20260220133939,
channel,413,1,20260220133939,
channel,414,1,20260220133939,
channel,415,1,20260220133939,
channel,416,1,20260220133939,
channel,417,1,20260220133939,
channel,418,1,20260220133939,
channel,419,1,20260220133939,
channel,420,1,20260220133939,
channel,421,1,20260220133939,
channel,422,1,20260220133939,
channel,423,1,20260220133939,
channel,424,1,20260220133939,
channel,425,1,20260220133939,
channel,426,1,20260220133939,
channel,427,1,20260220133939,
channel,428,1,20260220133939,
channel,429,1,20260220133939,
channel,430,1,20260220133939,
channel,431,1,20260220133939,
channel,432,1,20260220133939,
channel,433,1,20260220133939,
channel,434,1,20260220133939,
channel,435,1,20260220133939,
channel,436,1,20260220133939,
channel,437,1,20260220133939,
channel,438,1,20260220133939,
channel,439,1,20260220133939,
channel,440,1,20260220133939,
channel,441,1,20260220133939,
channel,442,1,20260220133939,
channel,443,1,20260220133939,
channel,444,1,20260220133939,
channel,445,1,20260220133939,
channel,446,1,20260220133939,
channel,447,1,20260220133939,
channel,448,1,20260220133939,
channel,449,1,20260220133939,
channel,450,1,20260220133939,
channel,451,1,20260220133939,
channel,452,1,20260220133939,
channel,453,1,20260220133939,
channel,454,1,20260220133939,
channel,455,1,20260220133939,
channel,456,1,20260220133939,
channel,457,1,20260220133939,
channel,458,1,20260220133939,
channel,459,1,20260220133939,
channel,460,1,20260220133939,
channel,461,1,20260220133939,
channel,462,1,20260220133939,
channel,463,1,20260220133939,
channel,464,1,20260220133939,
channel,465,1,20260220133939,
channel,466,1,20260220133939,
channel,467,1,20260220133939,
channel,468,1,20260220133939,
channel,469,1,20260220133939,
channel,470,1,20260220133939,
channel,471,1,20260220133939,
channel,472,1,20260220133939,
channel,473,1,20260220133939,
channel,474,1,20260220133939,
channel,475,1,20260220133939,
channel,476,1,20260220133939,
channel,477,1,20260220133939,
channel,478,1,20260220133939,
channel,479,1,20260220133939,
channel,480,1,20260220133939,
channel,481,1,20260220133939,
channel,482,1,20260220133939,
channel,483,1,20260220133939,
channel,484,1,20260220133939,
channel,485,1,20260220133939,
channel,486,1,20260220133939,
channel,487,1,20260220133939,
channel,488,1,20260220133939,
channel,489,1,20260220133939,
channel,490,1,20260220133939,
channel,491,1,20260220133939,
channel,492,1,20260220133939,
channel,493,1,20260220133939,
channel,494,1,20260220133939,
channel,495,1,20260220133939,
channel,496,1,20260220133939,
channel,497,1,20260220133939,
channel,498,1,20260220133939,
channel,499,1,20260220133939,
channel,500,1,20260220133939,
